{
  "version": 1,
  "author": "Smart Home Project Team",
  "editor": "wokwi",
  "parts": [
    { "type": "wokwi-breadboard-mini", "id": "bb1", "top": -203, "left": -309.6, "attrs": {} },
    { "type": "wokwi-breadboard-mini", "id": "bb2", "top": 296.2, "left": 64.8, "attrs": {} },
    { "type": "wokwi-arduino-uno", "id": "arduino", "top": -18.6, "left": -240.6, "attrs": {} },
    {
      "type": "wokwi-pir-motion-sensor",
      "id": "pirLivingRoom",
      "top": -159.2,
      "left": 568.62,
      "attrs": {}
    },
    {
      "type": "wokwi-pir-motion-sensor",
      "id": "pirKitchen",
      "top": -159.2,
      "left": 703.02,
      "attrs": {}
    },
    {
      "type": "wokwi-pir-motion-sensor",
      "id": "pirBedroom",
      "top": -159.2,
      "left": 827.82,
      "attrs": {}
    },
    {
      "type": "wokwi-led",
      "id": "ledLivingRoom",
      "top": -166.8,
      "left": 339.8,
      "attrs": { "color": "white" }
    },
    {
      "type": "wokwi-led",
      "id": "ledKitchen",
      "top": -166.8,
      "left": 416.6,
      "attrs": { "color": "white" }
    },
    {
      "type": "wokwi-led",
      "id": "ledBedroom",
      "top": -166.8,
      "left": 483.8,
      "attrs": { "color": "white" }
    },
    {
      "type": "wokwi-resistor",
      "id": "rLivingRoom",
      "top": -63.25,
      "left": 326.4,
      "attrs": { "value": "220" }
    },
    {
      "type": "wokwi-resistor",
      "id": "rKitchen",
      "top": -53.65,
      "left": 403.2,
      "attrs": { "value": "220" }
    },
    {
      "type": "wokwi-resistor",
      "id": "rBedroom",
      "top": -44.05,
      "left": 480,
      "attrs": { "value": "220" }
    },
    {
      "type": "wokwi-pushbutton",
      "id": "btn1",
      "top": 217.4,
      "left": 393.6,
      "attrs": { "color": "green" }
    },
    {
      "type": "wokwi-pushbutton",
      "id": "btn2",
      "top": 217.4,
      "left": 268.8,
      "attrs": { "color": "red" }
    },
    {
      "type": "wokwi-lcd1602",
      "id": "lcd1",
      "top": -406.4,
      "left": 111.2,
      "attrs": { "pins": "i2c" }
    },
    {
      "type": "wokwi-photoresistor-sensor",
      "id": "ldr1",
      "top": 310.4,
      "left": -344.8,
      "attrs": {}
    }
  ],
  "connections": [
    [ "arduino:5V", "pirLivingRoom:VCC", "red", [ "v-172.9", "h695" ] ],
    [ "arduino:GND", "pirLivingRoom:GND", "black", [ "v0" ] ],
    [ "arduino:2", "pirLivingRoom:OUT", "green", [ "v19.2", "h628.24" ] ],
    [ "arduino:5V", "pirKitchen:VCC", "red", [ "v-134.5", "h829.4" ] ],
    [ "arduino:GND", "pirKitchen:GND", "black", [ "v0" ] ],
    [ "arduino:11", "pirKitchen:OUT", "green", [ "v57.6", "h855.14" ] ],
    [ "arduino:5V", "pirBedroom:VCC", "red", [ "v-96.1", "h954.2" ] ],
    [ "arduino:GND", "pirBedroom:GND", "black", [ "v0" ] ],
    [ "arduino:12", "pirBedroom:OUT", "green", [ "v96", "h989.44" ] ],
    [ "arduino:3", "rLivingRoom:1", "green", [ "v0" ] ],
    [ "rLivingRoom:2", "ledLivingRoom:A", "green", [ "v0" ] ],
    [ "ledLivingRoom:C", "arduino:GND", "black", [ "v0" ] ],
    [ "arduino:4", "rKitchen:1", "green", [ "v0" ] ],
    [ "rKitchen:2", "ledKitchen:A", "green", [ "v0" ] ],
    [ "ledKitchen:C", "arduino:GND", "black", [ "v0" ] ],
    [ "arduino:5", "rBedroom:1", "green", [ "v0" ] ],
    [ "rBedroom:2", "ledBedroom:A", "green", [ "v0" ] ],
    [ "ledBedroom:C", "arduino:GND", "black", [ "v0" ] ],
    [ "arduino:6", "btn1:1.l", "green", [ "v192", "h445.3" ] ],
    [ "btn1:2.r", "arduino:GND", "black", [ "v0" ] ],
    [ "arduino:7", "btn2:1.l", "green", [ "v0" ] ],
    [ "btn2:2.r", "arduino:GND", "black", [ "v0" ] ],
    [ "arduino:5V", "ldr1:VCC", "red", [ "v0" ] ],
    [ "arduino:GND", "ldr1:GND", "black", [ "v0" ] ],
    [ "arduino:A0", "ldr1:OUT", "green", [ "v0" ] ],
    [ "arduino:5V", "lcd1:VCC", "red", [ "v-537.7", "h205.4" ] ],
    [ "arduino:GND", "lcd1:GND", "black", [ "v0" ] ],
    [ "arduino:A4", "lcd1:SDA", "yellow", [ "v-528.1", "h109.8" ] ],
    [ "arduino:A5", "lcd1:SCL", "white", [ "v0" ] ],
    [ "arduino:GND.1", "bb1:5b.j", "black", [ "v-38.4", "h-134.1" ] ],
    [ "bb1:7b.j", "ledBedroom:C", "black", [ "v19.2", "h738.8" ] ],
    [ "ledKitchen:C", "bb1:9b.j", "black", [ "v48", "h-652.4" ] ],
    [ "bb1:10b.j", "ledLivingRoom:C", "black", [ "v-9.6", "h566" ] ],
    [ "arduino:GND.2", "bb2:1t.a", "black", [ "v67.1", "h157.5" ] ],
    [ "bb2:2t.a", "btn2:2.l", "green", [ "v-105.6" ] ],
    [ "btn1:2.l", "bb2:17t.a", "green", [ "h0", "v173" ] ],
    [ "ldr1:GND", "bb2:3t.a", "black", [ "h192", "v114.8", "h67.2" ] ],
    [ "pirBedroom:GND", "bb2:5t.a", "black", [ "v566.4", "h-768.26" ] ],
    [ "pirKitchen:GND", "bb2:7t.a", "black", [ "v547.2", "h-624.26" ] ],
    [ "pirLivingRoom:GND", "bb2:9t.a", "black", [ "v528", "h-470.66" ] ]
  ],
  "dependencies": {}
}